Name;Age;Salary;Sum;Excludes;BigAmounts;Drafts
AR;307;10005,01;7000.05;70.454897979;999999999999999999;8888888888
BOMBEY;35;1500;7000.07;3.09999;5465465465444;8888888888
CROLL;40;2000;7000.06;1.088;546546546544455;8888888888