Name;Salary;Move;Summary;Excludes;BigAmounts;AdditionalField;Drafts
AR;2500;CZ;7000.05;70.454897979;546546546544488;add;88888
BOMBEY;3000;USA;7000.07;3.09999;5465465465444;add1;88888
NEW YORK;5000;GB;7000.06;1.088;546546546544455;add22;88888